行业,股票代码,股票名称
民爆,002037.SZ,保利联合
民爆,002096.SZ,易普力
民爆,002226.SZ,江南化工
民爆,002246.SZ,北化股份
民爆,002360.SZ,同德化工
民爆,002497.SZ,雅化集团
民爆,002683.SZ,广东宏大
民爆,002783.SZ,凯龙股份
民爆,002827.SZ,高争民爆
民爆,002917.SZ,金奥博
民爆,003002.SZ,壶化股份
民爆,603227.SH,雪峰科技
民爆,603977.SH,国泰集团
涂料油墨,000565.SZ,渝三峡A
涂料油墨,001335.SZ,信凯科技
涂料油墨,002319.SZ,乐通股份
涂料油墨,300225.SZ,*ST金泰
涂料油墨,300522.SZ,世名科技
涂料油墨,300665.SZ,飞鹿股份
涂料油墨,300758.SZ,七彩化学
涂料油墨,301036.SZ,双乐股份
涂料油墨,301037.SZ,保立佳
涂料油墨,301209.SZ,联合化学
涂料油墨,603062.SH,麦加芯彩
涂料油墨,603110.SH,东方材料
涂料油墨,603823.SH,百合花
涂料油墨,688129.SH,东来技术
涂料油墨,688157.SH,松井股份
涂料油墨,688571.SH,杭华股份
钛白粉,000545.SZ,金浦钛业
钛白粉,002136.SZ,安纳达
钛白粉,002145.SZ,钛能化学
钛白粉,002601.SZ,龙佰集团
钛白粉,300891.SZ,惠云钛业
钛白粉,600727.SH,鲁北化工
煤化工,000830.SZ,鲁西化工
煤化工,000990.SZ,诚志股份
煤化工,002274.SZ,华昌化工
煤化工,600623.SH,华谊集团
煤化工,600722.SH,金牛化工
煤化工,600746.SH,江苏索普
煤化工,600844.SH,金煤科技
煤化工,600989.SH,宝丰能源
无机盐,003017.SZ,大洋生物
无机盐,301256.SZ,华融化学
无机盐,600328.SH,中盐化工
无机盐,600367.SH,红星发展
无机盐,600714.SH,金瑞矿业
无机盐,600784.SH,鲁银投资
无机盐,600929.SH,雪天盐业
无机盐,603067.SH,振华股份
无机盐,603299.SH,苏盐井神
无机盐,603663.SH,三祥新材
氯碱,000510.SZ,新金路
氯碱,000635.SZ,英力特
氯碱,000818.SZ,航锦科技
氯碱,002092.SZ,中泰化学
氯碱,002386.SZ,天原股份
氯碱,002748.SZ,世龙实业
氯碱,600075.SH,新疆天业
氯碱,600319.SH,亚星化学
氯碱,600618.SH,氯碱化工
氯碱,600935.SH,华塑股份
氯碱,601216.SH,君正集团
氯碱,601568.SH,北元集团
氯碱,601678.SH,滨化股份
氯碱,603213.SH,镇洋发展